,city,lat,long,weather,temperature,humidity,temp_max,cloudiness,date,wind_speed
0,rikitea,-23.1229544,-134.9680141,Clouds,73.94,77,73.94,68,1669472854,2.19
1,nuuk,64.175029,-51.7355386,Clouds,29.97,74,30.92,75,1669472858,11.5
2,novovasylivka,47.92271,35.48584,Clouds,45.0,79,45.0,100,1669472863,7.7
3,sampit,-2.5389113,112.949389,Clouds,74.68,96,74.68,100,1669472867,2.95
4,yulara,-25.2410108,130.9869405,Clouds,76.35,55,76.35,98,1669472871,3.58
5,faya,17.9209323,19.0953202,Clear,85.96,20,85.96,0,1669472954,18.41
6,derzhavinsk,51.0990849,66.3138516,Clouds,-3.03,86,-3.03,76,1669472958,11.27
7,nikolskoye,59.7034799,30.7861084,Clouds,13.91,86,13.91,99,1669472963,6.46
8,baruun-urt,46.68094,113.28347783638328,Snow,12.09,76,12.09,100,1669472967,5.46
9,puerto ayora,-0.7471674,-90.3134198,Clouds,67.19,99,72.21,100,1669472972,5.99
10,ouidah,6.3666147,2.0853599,Clouds,87.66,65,87.66,99,1669472976,11.5
11,la ronge,55.1005283,-105.2900485,Snow,26.78,59,26.78,100,1669472979,17.27
12,portland,45.5202471,-122.674194,Clouds,39.94,96,41.81,100,1669472435,3.0
13,busselton,-33.644499,115.3488754,Clear,55.02,73,55.02,3,1669472987,13.96
14,ushuaia,-54.806115899999995,-68.3184972880496,Clouds,47.89,66,47.89,75,1669472994,20.71
15,port alfred,-33.5981844,26.8914772,Clouds,65.05,85,65.05,84,1669472998,3.0
16,hithadhoo,1.7959425,73.38755195657038,Clouds,81.82,73,81.82,97,1669473002,8.43
17,bulungu,-6.0556272,21.9021756,Rain,73.98,91,73.98,82,1669473008,3.58
18,umzimvubu,-30.82491,28.92177617804983,Rain,54.45,94,54.45,100,1669473013,5.88
19,heihe,50.2323289,127.4951193,Clouds,2.01,92,2.01,19,1669473018,7.27
20,tiksi,71.636604,128.868546,Clouds,-20.4,95,-20.4,100,1669473022,7.81
21,saint-philippe,45.3584499,-73.4790045,Clouds,36.0,78,37.38,100,1669472744,6.91
22,jamestown,-15.9277296,-5.7160872,Clouds,69.15,84,69.15,53,1669473030,19.19
23,guerrero negro,27.9709506,-114.036389,Clear,58.89,44,58.89,6,1669473034,2.55
24,leningradskiy,54.129108,79.236702,Clear,-15.79,95,-15.79,7,1669473038,4.56
25,aksarka,66.5582332,67.8051987,Clouds,3.29,91,3.29,84,1669473043,5.82
26,faanui,-16.48243875,-151.73383197031578,Clouds,77.67,72,77.67,46,1669473047,14.36
27,upernavik,72.7847392,-56.1469625,Clouds,13.73,89,13.73,100,1669473051,11.07
28,georgetown,6.8137426,-58.1624465,Clouds,86.29,64,86.29,60,1669473054,5.66
29,vaini,-21.1925671,-175.1772797,Clouds,79.09,94,79.09,40,1669473063,5.75
30,bredasdorp,-34.533055,20.042778,Clouds,66.6,51,66.6,60,1669473067,14.29
31,barbar,24.4054184,76.6762662,Clear,67.12,30,67.12,0,1669473072,3.71
32,illoqqortoormiut,70.4850588,-21.9641992,Clouds,16.14,77,16.14,11,1669473076,9.44
33,atuona,-9.8037347,-139.0425737,Clouds,78.26,71,78.26,91,1669473080,15.9
34,new norfolk,-42.7801998,147.0615332,Clouds,51.78,65,56.93,97,1669473084,5.99
35,punta arenas,-53.1625688,-70.907822,Clouds,50.29,46,53.8,75,1669473088,25.32
36,aklavik,68.2182579,-135.013585,Clouds,10.4,92,10.4,100,1669473092,6.91
37,yellowknife,62.4540807,-114.377385,Clouds,-2.24,99,-2.24,94,1669473096,2.35
38,vung tau,10.3486485,107.0765028,Clouds,80.17,81,80.17,97,1669473100,10.92
39,nong bua,19.7253368,99.0986499,Clouds,69.98,98,69.98,40,1669473104,1.77
40,torbay,47.6576953,-52.726986,Clouds,37.89,92,39.09,100,1669473108,12.66
41,bambous virieux,-20.347199500000002,57.76474767388835,Clouds,77.56,69,77.56,40,1669473112,11.5
42,junction city,39.0286093,-96.8313978,Clear,35.55,84,38.61,0,1669473116,3.0
43,bedford,52.1363806,-0.4675041,Clouds,53.11,79,54.75,20,1669473120,12.66
44,salalah,17.0174945,54.1010923,Clouds,80.67,69,80.67,20,1669473124,5.75
45,limerick,52.661252,-8.6301239,Clouds,57.09,89,57.09,100,1669473129,17.43
46,nago,26.5914524,127.9773062,Clouds,68.34,78,68.36,72,1669473134,13.09
47,oktyabrskiy,55.6086034,37.9743705,Clouds,21.54,93,23.68,100,1669473138,8.95
48,goa velha,15.4409533,73.8817296,Clouds,82.29,83,82.29,20,1669473143,5.75
49,vila velha,-20.3297037,-40.2920174,Clouds,82.35,61,82.35,75,1669473146,11.5
50,barrow,71.2905556,-156.788611,Snow,8.62,78,8.62,100,1669473150,8.05
51,kropotkin,45.4344413,40.5750274,Clouds,45.66,80,45.66,100,1669473154,9.19
52,kirakira,-10.4568963,161.9201736,Clouds,80.31,81,80.31,73,1669473158,4.07
53,butaritari,2.9205375,172.91886331442205,Rain,79.25,81,79.25,100,1669473161,5.73
54,thinadhoo,0.5326429,72.99714160821568,Clouds,81.86,73,81.86,93,1669473165,9.69
55,port lincoln,-34.7211905,135.8592218,Clouds,57.97,80,57.97,38,1669473169,9.75
56,codrington,51.508188,-2.3936619,Rain,51.78,90,53.89,100,1669473173,5.99
57,limbang,4.7534355,115.0093036,Clouds,78.03,96,78.89,98,1669473178,1.28
58,geraldton,-28.77035,114.6147159,Clear,66.36,72,66.36,3,1669473181,17.27
59,yomou,7.5695786,-9.2597491,Clear,92.37,29,92.37,2,1669473185,1.25
60,vanimo,-2.6847646,141.3009131,Clouds,79.02,78,79.02,60,1669473189,2.1
61,half moon bay,52.3472138,-114.1766304,Clouds,19.26,87,19.26,26,1669473196,6.04
62,pevek,69.7028171,170.2746851,Clouds,-16.65,98,-16.65,95,1669473200,6.13
63,hobart,-42.8825088,147.3281233,Clouds,54.86,78,57.0,100,1669472904,13.8
64,waw,7.7001398,27.9909335,Clouds,93.43,19,93.43,87,1669473208,4.61
65,buala,-8.145546,159.5930366,Clouds,79.57,81,79.57,29,1669473212,3.85
66,port elizabeth,-33.9617051,25.6207519,Clear,69.91,60,70.16,0,1669473216,13.8
67,muli,27.9291894,101.2787073,Clear,41.76,57,41.76,0,1669473223,4.56
68,harper,41.3624875,-92.0510088,Clouds,34.34,77,36.45,33,1669473230,9.84
69,cape town,-33.928992,18.417396,Clouds,67.1,54,72.88,20,1669473235,31.07
70,kapaa,22.0747334,-159.3191601,Rain,68.32,81,70.12,100,1669473239,20.71
71,tuktoyaktuk,69.4440189,-133.031904,Snow,5.0,85,5.0,100,1669473243,11.5
72,qaqortoq,60.718202,-46.0385214,Clouds,31.95,76,31.95,90,1669473247,5.19
73,talesh,37.7974981,48.904184,Clouds,64.29,69,64.29,36,1669473251,3.44
74,ilulissat,69.2197127,-51.0986385,Clouds,14.29,79,14.29,75,1669473256,3.44
75,cabo san lucas,22.8938884,-109.9200604,Clear,70.32,66,70.32,0,1669473261,3.6
76,sao filipe,14.8952963,-24.4969361,Clear,78.98,64,78.98,0,1669473265,10.94
77,hermanus,-34.4175,19.2361111,Clouds,68.85,58,68.85,15,1669473270,20.11
78,yumen,40.2916528,97.0448526,Clouds,33.35,37,33.35,32,1669473274,5.26
79,castro,45.802987,10.06706,Clear,54.18,72,57.76,7,1669473278,0.81
80,mehamn,71.0389923,27.8517589,Clouds,26.55,80,28.31,22,1669473282,13.8
81,havelock,34.8785,-76.9014457,Clear,52.25,74,55.38,0,1669473285,10.36
82,paamiut,61.994618,-49.6659478,Clouds,23.02,86,23.02,19,1669473289,9.28
83,paez,2.92296655,-76.4640462290593,Clouds,68.22,67,68.22,90,1669473293,3.78
84,ribeira grande,37.8225227,-25.5194914,Clouds,64.13,99,64.13,20,1669473297,10.36
85,salvador,-12.9822499,-38.4812772,Clouds,85.73,70,85.73,75,1669473301,17.27
86,chapais,49.7829998,-74.8572812,Clouds,26.35,90,26.35,100,1669473305,11.18
87,dikson,73.5083894,80.5123816,Snow,12.69,94,12.69,100,1669473308,14.47
88,san carlos de bariloche,-41.1334421,-71.3098425,Clear,84.25,22,84.25,0,1669473313,3.44
89,redlands,34.0550328,-117.1827445,Clear,50.88,31,61.43,0,1669473317,5.75
90,mataura,-46.192734,168.8642685,Clouds,39.97,87,39.97,68,1669473321,1.68
91,rajsamand,25.0585825,73.8880816,Clear,63.93,22,63.93,0,1669473325,1.32
92,hit,33.6387394,42.8278537,Clouds,70.0,44,70.0,66,1669473329,4.99
93,jalu,29.0331149,21.5482209,Clouds,69.42,44,69.42,83,1669473333,3.44
94,prince rupert,54.3126572,-130.32549,Rain,46.42,89,47.52,100,1669473271,28.77
95,norman wells,65.282401,-126.832725,Snow,8.64,85,8.64,100,1669473340,0.0
96,taoudenni,22.6762333,-3.9805269,Clouds,87.3,12,87.3,100,1669473344,11.23
97,khash,28.2203911,61.2137052,Clear,60.22,19,60.22,5,1669473348,7.05
98,sena madureira,-9.0659556,-68.6571058,Clouds,74.5,93,74.5,100,1669473356,1.74
99,pietermaritzburg,-29.6,30.3788889,Rain,62.26,99,62.26,100,1669473360,1.48
100,camacha,32.679439,-16.8448679,Clouds,66.67,72,67.91,20,1669473365,4.61
101,sisimiut,66.9371906,-53.6664816,Clouds,16.3,90,16.3,81,1669473369,8.75
102,tasiilaq,65.6152573,-37.6378149,Clouds,34.3,60,34.3,100,1669473373,9.6
103,sahrak,34.107375,64.305199,Clear,43.38,39,43.38,0,1669473378,2.62
104,longyearbyen,78.2231558,15.6463656,Clear,16.07,86,16.07,0,1669473382,4.61
105,east london,-33.0191604,27.8998573,Clouds,67.35,72,67.35,40,1669473386,10.36
106,nanortalik,60.1400246,-45.2428523,Clouds,36.25,80,36.25,100,1669473390,7.11
107,keti bandar,24.1438796,67.4510995,Clear,78.13,51,78.13,0,1669473394,8.3
108,lerwick,60.1531357,-1.1427296,Clouds,51.82,89,51.82,100,1669473397,26.24
109,hofn,64.2532647,-15.2080441,Rain,42.03,90,42.03,100,1669473401,14.2
110,belushya guba,71.5376984,52.3427343,Clouds,32.95,97,32.95,100,1669473405,15.95
111,stephenville,32.2191836,-98.2130634,Clouds,45.73,99,46.45,100,1669473412,11.5
112,lamu,-2.2675396,40.9010641,Clouds,84.43,73,84.43,44,1669473416,10.54
113,kinsale,38.0295744,-76.580789,Clear,48.92,50,51.82,0,1669473420,0.0
114,ahipara,-35.1664105,173.1562074,Clouds,57.11,93,57.11,80,1669473423,6.67
115,montepuez,-13.1253048,39.0016963,Clouds,90.19,24,90.19,44,1669473428,11.92
116,narsaq,60.9127453,-46.0452698,Clouds,44.85,74,44.85,95,1669473432,6.13
117,bengkulu,-3.7922858,102.2623797,Rain,75.79,89,75.79,100,1669473435,4.36
118,aykhal,65.9516363,111.4917562,Clouds,-25.85,100,-25.85,83,1669473439,2.98
119,chokurdakh,70.6193824,147.902397,Clouds,-42.09,100,-42.09,95,1669473443,2.75
120,goderich,43.7430924,-81.7110949,Clouds,42.71,75,44.51,44,1669473447,13.8
121,ancud,-41.8682162,-73.8287225,Clouds,62.73,52,62.73,21,1669473451,6.38
122,bluff,-46.59882,168.3433685,Clouds,47.86,64,47.86,93,1669473455,3.94
123,beitbridge,-22.210058,29.992511,Clouds,88.11,40,88.11,54,1669473459,17.83
124,abnub,27.269181,31.151736,Clouds,73.62,37,73.62,44,1669473462,8.66
125,lagoa,37.13258125,-8.45505094811731,Clouds,65.68,74,67.48,74,1669473467,8.05
126,jaque,-9.7004572,-77.816604,Rain,55.72,59,55.72,28,1669473471,6.98
127,phuket,7.8847901,98.3891503,Clouds,84.97,99,84.97,87,1669473476,8.46
128,campos belos,-13.0349839,-46.768112,Clouds,77.27,76,77.27,100,1669473480,7.25
129,mollendo,-17.0292533,-72.0155447,Clear,72.28,73,72.28,4,1669473484,9.64
130,carnarvon,-24.8826131,113.6576486,Clear,69.17,72,69.17,0,1669473488,22.5
131,asfi,32.299424,-9.239533,Clear,73.29,58,73.29,0,1669473492,14.65
132,thompson,55.743347,-97.863464,Clouds,17.78,93,17.78,40,1669473496,6.91
133,mount isa,-20.7289898,139.4931522,Clouds,89.46,35,89.46,40,1669473500,12.66
134,vestmannaeyjar,63.42704985,-20.269317184750797,Clear,39.11,87,39.11,0,1669473503,6.91
135,ferme-neuve,46.7010748,-75.4497514,Clouds,33.44,85,33.44,96,1669473507,9.04
136,kodiak,57.79,-152.4072222,Clear,33.31,51,33.31,0,1669473511,25.32
137,dmitriyevka,43.0844362,40.9972695,Clouds,53.82,93,53.82,100,1669473515,3.31
138,mahebourg,-20.4111041,57.7060616,Clouds,77.38,69,77.38,40,1669473519,11.5
139,farmington,44.6402434,-93.1435497,Clear,40.37,59,42.98,0,1669473446,6.91
140,mar del plata,-37.9977225,-57.5482703,Clouds,67.8,84,68.92,75,1669473526,9.22
141,indramayu,-4.0517644,103.7798337,Rain,72.57,98,72.57,100,1669473530,1.28
142,kokstad,-30.5475,29.424444,Rain,54.68,95,54.68,100,1669473533,3.29
143,khatanga,71.9819205,102.4714765,Clouds,-12.84,96,-12.84,100,1669473537,16.04
144,grand river south east,-20.2907247,57.7851931,Clouds,77.5,69,77.5,40,1669473541,11.5
145,cayenne,4.9371143,-52.3258307,Clouds,87.82,66,87.82,75,1669473544,11.5
146,pisco,-13.7099813,-76.2029793,Clouds,67.89,83,67.89,100,1669473548,5.75
147,maloy,40.6747406,-94.4119171,Clouds,30.9,64,30.9,60,1669473552,9.1
148,nizhneyansk,71.440445,136.130646,Clouds,-33.97,98,-33.97,46,1669473556,7.2
149,awjilah,29.140278,21.2975,Clouds,69.62,45,69.62,95,1669473560,3.65
150,san rafael,37.9735346,-122.5310874,Clouds,48.96,79,54.27,100,1669473306,1.83
151,albany,42.6511674,-73.754968,Clouds,42.53,73,44.94,75,1669473293,12.66
152,bom jesus do itabapoana,-21.1341025,-41.680095,Clouds,79.07,70,79.07,89,1669473570,6.78
153,eldikan,60.773815,135.151596,Clouds,-49.02,100,-49.02,66,1669473574,0.31
154,lucapa,-8.4195244,20.7410918,Rain,73.24,90,73.24,99,1669473578,4.09
155,lafiagi,8.8536313,5.4188884,Clouds,97.56,17,97.56,34,1669473582,1.86
156,lebu,-37.6099644,-73.6559477,Clear,64.08,70,64.08,0,1669473586,18.48
157,uusikaupunki,60.8016507,21.4086143,Clouds,31.24,93,31.24,100,1669473589,7.96
158,zhigansk,66.76564,123.3741,Clouds,-36.54,98,-36.54,95,1669473593,7.72
159,hilo,19.7073734,-155.08158,Clouds,65.53,83,66.18,20,1669473597,5.75
160,pemberton,44.0086155,-93.7833984,Clear,36.9,69,40.53,0,1669473601,10.36
161,amderma,69.7522076,61.662267280204404,Clouds,20.19,91,20.19,95,1669473605,23.2
162,moron,18.5602014,-74.2581337,Clear,84.54,61,84.54,5,1669473609,2.06
163,ahuimanu,21.4406125,-157.8321451624266,Clouds,68.05,87,70.18,40,1669473613,4.61
164,alexandria,31.199004,29.894378,Clouds,68.41,51,68.41,84,1669473617,9.64
165,ambilobe,-13.194439,49.049956,Clouds,81.7,55,81.7,13,1669473621,5.46
166,suruc,36.9755424,38.4242178,Rain,51.3,84,51.3,99,1669473625,5.95
167,rassvet,54.8065569,20.6378089,Clouds,33.62,93,33.71,100,1669473629,0.0
168,saint george,12.0535331,-61.751805,Clouds,83.28,74,83.28,20,1669473634,20.71
169,menongue,-14.6610713,17.6820336,Rain,68.81,81,68.81,74,1669473638,3.53
170,tiznit,29.698624,-9.7312815,Clear,78.82,23,78.82,0,1669473642,7.16
171,biak,-1.1836086,136.0816321,Clouds,80.37,83,80.37,95,1669473646,3.8
172,severo-kurilsk,50.6683048,156.1154399,Clouds,35.37,86,35.37,100,1669473649,24.38
173,arlit,18.739079,7.393331,Clouds,85.71,11,85.71,50,1669473653,0.6
174,aleksinac,43.5405235,21.70884,Clouds,43.09,80,44.96,100,1669473657,6.22
175,margate,51.3878174,1.3819699,Clouds,53.17,79,55.0,100,1669473661,5.99
176,dum duma,27.5699757,95.5539549,Clear,60.06,77,60.06,0,1669473665,1.7
177,alugan,12.218753,125.4821759,Clouds,80.15,76,80.15,66,1669473669,10.54
178,lavumisa,-27.31092,31.884566,Clouds,75.13,74,75.13,100,1669473672,5.75
179,avarua,-21.2074736,-159.7708145,Clouds,73.38,83,73.38,100,1669473676,3.44
180,qaanaaq,77.4686357,-69.2222746,Clouds,-1.03,81,-1.03,99,1669473681,4.9
181,meadow lake,54.13026,-108.435059,Clouds,28.38,74,28.38,20,1669473685,14.97
182,pokhara,28.209538,83.991402,Clear,60.71,60,60.71,0,1669473688,4.07
183,mkushi,-13.6188643,29.3912336,Clouds,81.43,31,81.43,95,1669473692,5.91
184,vardo,70.3308174,30.961751972265887,Clouds,29.08,80,29.08,100,1669473696,16.11
185,chuy,-33.6937948,-53.4561114,Clear,78.53,47,78.53,0,1669473701,11.03
186,hasaki,35.7529706,140.8201321,Clouds,55.81,89,56.21,68,1669473704,9.31
187,marsa matruh,31.3528567,27.2395262,Clouds,66.4,48,66.4,40,1669473708,9.22
188,arraial do cabo,-22.9662839,-42.024427,Clouds,78.69,69,78.78,20,1669473712,12.66
189,airai,-8.92655,125.40922,Clouds,61.54,91,61.54,100,1669473716,2.35
190,berlevag,70.79904505,29.150528646532546,Clouds,24.21,74,24.21,20,1669473720,11.5
191,marawi,8.0047262,124.2854351,Clouds,68.27,97,68.27,100,1669473724,1.25
192,marfino,55.8309084,37.5914584,Clouds,20.7,92,23.09,100,1669473728,13.42
193,hailin,44.5733458,129.3815749,Clear,14.04,72,14.04,4,1669473732,4.99
194,saskylakh,71.9649533,114.0939433,Clouds,-24.5,98,-24.5,90,1669473736,5.99
195,mogadishu,2.0349312,45.3419183,Clouds,82.26,78,82.26,75,1669473740,12.66
196,cap malheureux,-19.9859951,57.619612,Clouds,77.45,64,77.47,35,1669473744,5.01
197,bethel,60.7922222,-161.7558333,Snow,21.54,86,21.54,100,1669473686,9.22
198,freeport,42.2966861,-89.6212271,Clear,37.42,74,40.19,0,1669473608,9.22
199,kazalinsk,45.76255,62.101181,Clouds,29.75,36,29.75,70,1669473756,21.32
200,yerbogachen,61.275021,108.009712,Clouds,-14.85,97,-14.85,100,1669473761,7.47
201,sorland,61.8986221,5.7912616,Clouds,50.74,53,50.92,75,1669473765,4.61
202,samusu,-13.9974088,-171.4288872,Rain,81.3,75,81.3,34,1669473768,12.1
203,tessalit,20.2019542,1.0124531,Clouds,83.1,11,83.1,100,1669473772,12.19
204,sambava,-14.254956,50.1556533,Clear,76.48,77,76.48,4,1669473776,11.83
205,vaitupu,-7.4769458,178.6807836433052,Rain,82.17,73,82.17,65,1669473779,12.08
206,meulaboh,4.1481951,96.1339107,Clouds,77.43,83,77.43,100,1669473783,0.98
207,kelvington,52.1643973,-103.5228082,Clear,23.56,89,23.56,7,1669473787,13.2
208,awbari,26.5909391,12.7695658,Clouds,72.82,31,72.82,100,1669473791,1.79
209,fortuna,40.597407,-124.156034,Clouds,46.6,100,47.48,75,1669473795,0.0
210,namatanai,-3.6641739,152.4407285,Rain,80.19,81,80.19,68,1669473798,5.26
211,maua,-23.6669527,-46.4616922,Clouds,71.2,52,76.35,72,1669473802,4.65
212,burkhala,29.4490901,79.57479,Clouds,49.8,78,49.8,65,1669473806,1.41
213,trelew,-43.2531242,-65.3094407,Clear,73.15,26,73.15,0,1669473810,14.58
214,vao,58.93963145,25.97080937451389,Snow,25.59,92,25.59,100,1669473813,5.59
215,talnakh,69.4939889,88.3907607,Clouds,-19.43,99,-19.43,100,1669473817,8.7
216,karratha,-20.7370067,116.8478592,Clear,80.35,62,80.35,0,1669473821,15.9
217,dumas,35.8630199,-101.9663192,Clear,37.56,81,37.58,0,1669473824,5.75
218,mullaitivu,9.2698532,80.8145347,Clouds,79.79,78,79.79,68,1669473829,9.31
219,kavieng,-2.573474,150.795224,Clouds,81.91,67,81.91,95,1669473836,7.14
220,shwebo,22.5666618,95.6999989,Clear,69.96,62,69.96,0,1669473840,3.96
221,jambol,42.483935,26.5105553,Clouds,53.69,47,53.69,40,1669473845,4.61
222,bibbiena,43.6955475,11.817341,Clouds,49.14,84,54.09,91,1669473849,13.04
223,karamea,-39.85821275,176.9884604633608,Clouds,55.92,80,55.92,93,1669473853,3.51
224,barentsburg,78.065362,14.2172367,Clouds,15.4,95,15.4,100,1669473857,3.69
225,tual,-5.6389933,132.7429249,Clouds,84.29,71,84.29,51,1669473861,9.04
226,danville,40.125222,-87.6304614,Mist,32.29,93,32.29,0,1669473595,0.0
227,teguldet,57.306404,88.167168,Clouds,-20.85,95,-20.85,31,1669473869,5.14
228,san cristobal,7.7756663,-72.2214154,Clouds,73.27,51,73.27,84,1669473873,2.46
229,karaman,37.1816057,33.2181855,Clouds,44.29,62,44.29,99,1669473878,8.66
230,puri,19.8076083,85.8252538,Clear,66.52,52,66.52,5,1669473882,3.69
231,oksfjord,70.2394948,22.3505275,Clouds,35.62,78,35.62,59,1669473886,11.83
232,uarini,-2.9827061,-65.1578615,Rain,86.56,67,86.56,100,1669473891,1.68
233,nicoya,10.1488271,-85.4532657,Clouds,78.85,84,78.85,77,1669473894,1.7
234,hlotse,-28.866891,28.0579408,Rain,56.98,86,56.98,100,1669473898,13.29
235,luderitz,-26.6500086,15.157266,Clear,72.77,49,72.77,0,1669473902,34.94
236,pacific grove,36.6211149,-121.917794,Clear,47.91,80,53.67,0,1669473906,4.0
237,rocha,-34.4810095,-54.3365608,Clear,83.32,38,83.32,0,1669473910,9.48
238,dasoguz,41.83358,59.9590079,Clear,42.75,65,42.75,0,1669473913,16.11
239,altagracia de orituco,9.8624463,-66.3605635,Clouds,82.63,67,82.63,75,1669473917,3.36
240,qandala,11.471934,49.87341,Clouds,77.95,79,77.95,21,1669473921,5.41
241,roma,41.8933203,12.4829321,Clear,58.41,64,60.6,0,1669473925,14.97
242,palmer,61.5995703,-149.11109,Clouds,11.48,87,18.1,40,1669473929,0.0
243,mount gambier,-37.8246698,140.7820067624113,Clouds,53.76,89,53.76,69,1669473932,6.31
244,cedar city,37.6774238,-113.061827,Clear,20.37,79,20.37,0,1669473936,0.0
245,turukhansk,65.7934285,87.9589375,Clouds,-15.56,100,-15.56,100,1669473940,4.23
246,moussoro,8.7618167,17.95045,Clear,95.88,17,95.88,9,1669473944,4.38
247,nambale,1.0212623,34.1303945,Clouds,72.59,69,72.59,99,1669473948,5.21
248,kahului,20.8894101,-156.4727118,Rain,68.68,92,69.78,100,1669473951,5.75
249,opuwo,-18.0550384,13.8387366,Clouds,95.41,12,95.41,13,1669473956,14.85
250,ayagoz,47.9651211,80.4365994,Clouds,-17.46,93,-17.46,98,1669473960,13.67
251,thunder bay,48.406414,-89.259796,Clouds,24.85,86,26.71,75,1669473964,2.3
252,kieta,42.9997818,141.443687,Rain,39.51,33,40.17,37,1669473968,3.0
253,naples,40.8358846,14.2487679,Clouds,48.96,86,53.67,75,1669473950,14.97
254,batasan,12.5108956,121.1190936,Clouds,74.84,79,74.84,96,1669473980,4.7
255,mineiros,-17.5653879,-52.5536721,Clear,90.46,29,90.46,7,1669473984,2.82
256,sao joao da barra,-21.6348588,-41.0487079,Clouds,82.51,86,82.51,100,1669473988,12.28
257,coihaique,-45.5711804,-72.0684863,Clear,57.45,41,58.14,0,1669473992,3.44
258,calbuco,-41.7712143,-73.1275379,Clouds,56.41,76,56.41,22,1669473996,19.22
259,parksville,49.3179514,-124.3117397,Clouds,42.04,88,44.35,72,1669474001,6.91
260,henties bay,-22.1130313,14.2881683522115,Clear,62.28,74,62.28,1,1669474005,15.1
261,komsomolskiy,43.98266,46.6950001,Rain,52.72,88,52.72,100,1669474008,12.19
262,miri,4.392739,113.9880255,Clouds,78.91,89,78.91,20,1669474013,2.3
263,knysna,-34.035734,23.048485,Clouds,67.08,57,67.08,21,1669474017,8.25
264,ponta do sol,32.681067,-17.104073,Clouds,72.19,68,75.7,100,1669474021,1.36
265,nalut,31.8637865,10.9827903,Clouds,56.55,58,56.55,75,1669474025,19.73
266,angoche,-16.2292451,39.9081111,Clear,81.43,73,81.43,0,1669474029,16.2
267,kathu,7.9107004,98.3337592,Clouds,84.69,99,84.69,89,1669474033,8.1
268,calhoun,34.502587,-84.9510542,Clear,51.03,82,58.1,0,1669474009,0.0
269,burns lake,54.230269,-125.7645032,Clouds,35.62,97,35.62,76,1669474040,4.63
270,kamaishi,39.2757463,141.8858151,Clouds,52.57,74,52.57,58,1669474044,10.54
271,itarema,-2.9224684,-39.9152184,Clouds,88.29,54,88.29,95,1669474049,16.24
272,les cayes,18.1944428,-73.7511601,Clear,84.18,62,84.18,5,1669474056,6.17
273,pueblo bello,10.4119057,-73.5909603,Clouds,71.28,65,71.28,36,1669474059,3.89
274,pardi,20.842317,79.90196406122925,Clear,62.98,41,62.98,0,1669474063,3.33
275,surgut,61.254032,73.3964,Snow,-6.93,69,-6.93,96,1669474067,11.18
276,batagay,67.654907,134.635071,Clouds,-43.13,97,-43.13,55,1669474071,2.37
277,hobe sound,27.059498,-80.1364323,Clouds,80.24,83,84.97,45,1669474074,8.19
278,batemans bay,-35.7072183,150.178289,Clouds,60.19,85,60.19,97,1669474078,3.58
279,labuhan,-6.891973,112.9897177,Clouds,77.81,87,77.81,100,1669474084,6.29
280,luau,-10.7025518,22.2275381,Rain,69.17,88,69.17,100,1669474087,1.52
281,kangaba,11.9415411,-8.4138589,Clouds,95.63,10,95.63,32,1669474092,5.17
282,vilhena,-12.7368536,-60.1465555,Clouds,82.54,69,82.54,20,1669474096,8.05
283,gojra,31.1482371,72.6859082,Clear,67.55,20,67.55,8,1669474100,3.8
284,klaksvik,62.2266084,-6.5852705,Rain,51.04,95,51.04,100,1669474108,26.37
285,taltal,-25.4078293,-70.4858424,Clouds,67.35,70,67.35,32,1669474113,4.74
286,ruatoria,-37.8919955,178.3187514,Clouds,54.25,94,54.25,12,1669474117,4.79
287,santa vitoria do palmar,-33.5195569,-53.3692659,Clear,79.05,46,79.05,0,1669474121,10.25
288,davenda,53.555576,119.317032,Clouds,-10.84,99,-10.84,95,1669474125,3.49
289,boguchany,58.382816,97.461578,Clouds,-24.68,98,-24.68,99,1669474129,3.51
290,belyy yar,53.596436,91.382362,Clear,-10.17,73,-10.17,0,1669474133,11.18
291,jardim,-21.479941,-56.148902,Clear,94.32,28,94.32,6,1669474137,1.97
292,kloulklubed,7.0415131,134.2564595,Clouds,77.32,72,77.32,91,1669474141,4.65
293,tuatapere,-46.1323096,167.6907627,Clouds,40.23,89,40.23,43,1669474145,3.24
294,kimbe,-5.5562921,150.1529513,Clouds,75.76,93,75.76,69,1669474149,2.59
295,zhob,31.3397058,69.4476997,Clear,58.96,19,58.96,0,1669474152,2.86
296,aripuana,-10.175806,-59.4439663,Clouds,86.7,54,86.7,100,1669474156,4.18
297,lata,18.3983393,76.562087,Clouds,71.6,55,71.6,44,1669474160,7.02
298,wagar,33.8567672,75.2613473,Clear,44.1,50,44.1,0,1669474164,7.16
299,la asuncion,11.0339965,-63.8631527,Rain,76.73,100,76.73,64,1669474167,11.5
300,haines junction,60.7527212,-137.5100384,Clouds,21.15,68,21.15,100,1669474174,9.22
301,baixa grande,-11.9630941,-40.1657537,Clouds,86.11,56,86.11,94,1669474178,1.34
302,necochea,-38.5545494,-58.7392624,Clouds,80.06,37,80.06,78,1669474182,8.61
303,the valley,18.2145861,-63.0517759,Clouds,82.4,74,85.01,20,1669474185,11.5
304,college,45.32664695,-75.83855656986515,Clouds,37.98,74,39.85,75,1669474189,9.22
305,grand gaube,-20.0086191,57.6644156,Clouds,77.38,64,77.4,36,1669474193,10.0
306,pimentel,39.485542,9.06554,Clouds,59.23,59,60.33,40,1669474196,18.41
307,zlatoustovsk,52.9669931,133.5979449,Clouds,-3.24,97,-3.24,100,1669474200,2.08
308,odweyne,9.40701,45.06358,Clear,75.43,44,75.43,1,1669474204,15.41
309,sorvag,68.0369493,15.3884863,Clouds,35.1,65,35.1,100,1669474208,10.18
310,mandera,3.9384208,41.8573239,Clouds,89.85,38,89.85,94,1669474212,5.03
311,nigel,-26.425961,28.470431,Clouds,75.34,37,77.52,95,1669474217,8.63
312,doha,25.2856329,51.5264162,Clear,80.49,54,86.25,0,1669474221,5.75
313,berbera,10.4386215,45.0134007,Clear,80.08,63,80.08,0,1669474225,8.57
314,touros,-5.1998625,-35.4595051,Clouds,85.87,61,85.87,65,1669474229,15.23
315,honningsvag,70.9802638,25.977841,Clouds,33.75,80,33.75,75,1669474233,25.32
316,brae,60.3963461,-1.3536585,Clouds,51.21,88,51.21,100,1669474236,22.66
317,oktyabrskoye,45.3619699,36.366242,Rain,49.1,89,49.1,100,1669474240,13.71
318,severodvinsk,64.563385,39.823769,Clouds,6.91,86,6.91,100,1669474244,5.97
319,belmonte,39.5592831,-2.7038117,Clouds,59.54,28,59.54,50,1669474248,6.8
320,ambulu,-8.345037,113.6057621,Clouds,74.19,93,74.19,100,1669474256,1.5
321,uwayl,8.7693352,27.3962085,Clouds,91.18,19,91.18,63,1669474261,3.98
322,manaus,-3.1316333,-59.9825041,Clouds,75.65,100,75.67,75,1669474265,4.61
323,iqaluit,63.74944,-68.521857,Clouds,5.92,65,6.75,100,1669474269,0.0
324,bay roberts,47.575924,-53.2833409,Clouds,38.37,90,39.34,100,1669474273,4.0
325,richfield,44.8766431,-93.2877877,Clouds,41.67,56,44.47,40,1669474277,16.11
326,kruisfontein,-34.0119558,24.7433295,Clouds,70.0,48,70.0,17,1669474281,11.99
327,broome,-17.9566909,122.2240181,Clouds,80.49,89,80.49,69,1669474285,2.3
328,waingapu,-9.652179,120.2636908,Rain,79.21,83,79.21,100,1669474289,7.43
329,naze,5.4519997,7.0566745,Clouds,83.71,34,83.71,99,1669474293,1.63
330,tibati,6.4658033,12.6253203,Clouds,90.86,19,90.86,61,1669474296,5.86
331,bac lieu,9.2824882,105.7260685,Clouds,78.84,83,78.84,65,1669474300,4.25
332,zhanaozen,43.3381034,52.8556219,Clouds,46.69,50,46.69,100,1669474304,24.79
333,port-cartier,50.0187481,-66.8756913,Clouds,30.72,83,32.05,22,1669474307,5.19
334,muravlenko,63.7947977,74.4969322,Clouds,-5.73,99,-5.73,87,1669474314,9.82
335,byron bay,-28.6483333,153.6177778,Clouds,67.95,76,67.95,100,1669474321,3.36
336,khovu-aksy,51.131943,93.715744,Clouds,-8.61,85,-8.61,100,1669474325,7.45
337,poltavka,54.831326,70.311897,Clouds,-7.92,91,-7.92,25,1669474329,0.58
338,deputatskiy,54.8408485,61.1269918,Clouds,-0.54,95,-0.54,100,1669474333,8.75
339,cordoba,-31.4173391,-64.183319,Clear,95.94,15,99.36,0,1669474337,23.02
340,zyryanka,65.733597,150.893326,Clouds,-30.48,100,-30.48,97,1669474341,5.79
341,marienburg,54.0287383,19.039396385383558,Clouds,36.14,97,39.78,100,1669474346,2.98
342,shingu,33.7241003,135.9930029,Clear,56.19,81,56.19,0,1669474351,7.49
343,wanning,18.7961376,110.3872565,Clouds,76.89,91,76.89,36,1669474355,2.21
344,padang,-0.9247587,100.3632561,Clouds,75.24,100,75.24,20,1669474359,3.44
345,sun prairie,43.1834579,-89.2134359,Clouds,39.65,64,41.72,20,1669474363,5.75
346,kargasok,59.0598053,80.8708719,Clouds,-16.78,92,-16.78,100,1669474367,6.51
347,alice springs,-23.6983884,133.8812885,Clouds,74.75,83,74.75,98,1669474293,0.0
348,buraydah,26.331667,43.971667,Clouds,81.03,50,81.03,20,1669474374,4.61
349,nehe,48.4812343,124.8768238,Clouds,-2.33,93,-2.33,33,1669474378,1.3
350,kenai,60.5544444,-151.258333,Clear,1.49,85,1.49,0,1669474341,4.61
351,ust-karsk,52.71125,118.821434,Clouds,-9.45,99,-9.45,100,1669474385,0.11
352,omaruru,-21.4173717,15.9514037,Clear,94.3,10,94.3,0,1669474396,21.52
353,tadine,-21.5482593,167.8822897,Clear,71.74,77,71.74,1,1669474401,7.85
354,sao bernardo,-3.3650267,-42.4224814,Clouds,100.2,29,100.2,39,1669474405,4.5
355,tahta,26.7676025,31.4955936,Clear,70.84,35,70.84,9,1669474409,10.27
356,mys shmidta,68.8928813,-179.4130958,Clouds,-4.9,90,-4.9,100,1669474413,5.23
357,gweta,-20.208965,25.255303,Clouds,83.48,39,83.48,98,1669474416,9.1
358,quanzhou,24.8755492,118.6723605,Clouds,66.85,83,66.85,96,1669474420,13.53
359,hihifo,-19.8154734,-174.35413,Clouds,80.31,79,80.31,15,1669474424,9.33
360,souillac,44.8980172,1.46943,Clouds,53.11,80,53.11,100,1669474428,2.06
361,cap-aux-meules,47.377501,-61.8661738,Mist,40.98,93,41.02,100,1669474431,24.16
362,amuntai,-2.4196178,115.2539707,Clouds,75.04,95,75.04,95,1669474435,1.01
363,vuktyl,63.844337,57.300171,Clouds,-10.59,99,-10.59,15,1669474439,4.12
364,cockburn town,21.4607723,-71.1399956,Clouds,80.26,73,80.26,11,1669474443,8.88
365,hella,60.2022124,5.016562186400831,Clouds,48.43,81,48.69,75,1669474447,14.97
366,togur,58.358292,82.829697,Clouds,-19.5,95,-19.5,91,1669474450,5.93
367,malakal,9.5388487,31.6584168,Clouds,89.69,20,89.69,28,1669474454,6.93
368,jaguarari,-10.2575875,-40.1944363,Clouds,82.35,56,82.35,71,1669474458,3.0
369,sur,33.2721211,35.1964023,Clouds,64.45,67,64.45,20,1669474462,5.64
370,san pedro de uraba,8.2778883,-76.3830793,Clouds,80.37,80,80.37,70,1669474466,3.51
371,kambi,19.3639071,75.5129591,Clear,75.85,50,75.85,4,1669474470,5.59
372,van,47.6586772,-2.7599079,Clouds,56.8,82,57.78,100,1669474478,10.36
373,bereda,11.2135,8.392556,Clouds,86.54,13,86.54,80,1669474482,9.48
374,ust-nera,64.566376,143.237839,Clouds,-35.59,96,-35.59,77,1669474486,2.42
375,port hedland,-20.3111814,118.5801181,Clear,77.04,88,77.04,4,1669474490,5.75
376,matagami,49.7575884,-77.6300251,Clouds,32.09,86,32.09,100,1669474494,11.5
377,morondava,-20.2951102,44.2786121,Clear,83.66,62,83.66,2,1669474498,14.92
378,baykit,61.6808261,96.3830221,Clouds,-26.68,98,-26.68,94,1669474502,1.39
379,tamworth,-31.0900743,150.9290159,Clouds,57.43,77,57.43,66,1669474509,1.14
380,alegrete,-29.790166,-55.794862,Clear,86.2,34,86.2,0,1669474513,15.21
381,nea manolas,38.0526098,21.3835899,Clear,59.88,53,60.71,0,1669474517,9.22
382,yenagoa,4.9334651,6.2747786,Clouds,84.88,62,84.88,100,1669474521,7.18
383,camocim,-2.9009918,-40.8427389,Clouds,89.89,53,89.89,100,1669474525,12.86
384,kaeo,-35.1017438,173.7751075,Clouds,54.45,94,54.45,98,1669474529,4.76
385,andilamena,-17.0141073,48.5725128,Clouds,65.86,63,65.86,22,1669474533,8.66
386,pueblo nuevo,40.4263583,-3.635735,Clear,55.35,51,57.99,0,1669474536,3.0
387,lavrentiya,65.5837793,-171.0058116,Clouds,8.28,79,8.28,96,1669474543,9.35
388,marcona,-15.2155331,-75.08303444567473,Clear,70.7,56,70.7,5,1669474547,10.11
389,simao,22.8272471,100.9650146,Clouds,60.37,99,60.37,58,1669474551,2.91
390,arawa,-6.2262566,155.5651139,Rain,77.25,91,77.25,64,1669474554,1.14
391,amriswil,47.5500227,9.2981219,Clouds,45.27,86,49.05,59,1669474558,3.85
392,soderhamn,61.2998501,17.0607599,Clouds,32.68,96,32.68,100,1669474565,2.08
393,skovorodino,53.9862567,123.9373454,Clouds,-12.33,96,-12.33,97,1669474569,2.64
394,medea,36.265344,2.766957,Clouds,51.28,59,51.28,33,1669474573,8.21
395,madera,36.9622745,-120.0594685,Clouds,54.91,59,54.91,22,1669474577,2.51
396,sechura,-5.5575353,-80.8223327,Clouds,71.85,69,71.85,92,1669474581,6.62
397,lasa,50.4291723,2.8319805,Clouds,48.81,76,51.12,100,1669474585,10.87
398,bhan,26.5564913,67.7216676,Clouds,76.35,20,76.35,87,1669474589,4.85
399,katsuura,35.1521846,140.3207449,Clouds,62.53,84,62.53,68,1669474593,11.01
400,alofi,-19.0534159,-169.919199,Clear,70.3,94,70.3,1,1669474597,1.14
401,canon city,38.4423644,-105.222494,Clear,40.57,38,50.67,0,1669474600,12.66
402,eureka,40.7906871,-124.1673746,Clouds,44.29,93,47.39,70,1669474604,5.99
403,sola,37.5666791,126.9782914,Clear,32.31,55,35.04,0,1669474608,5.75
404,olafsvik,64.8959304,-23.7084345,Clouds,41.49,81,41.49,90,1669474612,6.62
405,mezhevoy,55.170353,58.786732,Clouds,16.09,85,16.09,100,1669474616,2.91
406,poladpur,17.9850019,73.4671543,Clouds,80.55,67,80.55,98,1669474620,0.74
407,isla mujeres,21.2321047,-86.73224068471836,Clouds,82.17,72,82.17,99,1669474624,12.19
408,tiarei,-17.558316750000003,-149.37107895658022,Clouds,68.22,78,68.22,21,1669474628,14.14
409,kalyazin,57.2400206,37.8404883,Clouds,8.83,96,8.83,42,1669474632,6.69
410,acapulco,16.8680495,-99.8940182,Clouds,79.5,75,79.5,85,1669474635,1.99
411,russell,38.895289,-98.859806,Clouds,42.26,38,42.26,88,1669474639,4.27
412,carutapera,-1.2016638,-46.0205618,Clouds,88.63,52,88.63,83,1669474643,8.77
413,solovetskiy,65.0221405,35.7103677,Clouds,28.15,76,28.15,100,1669474647,16.06
414,ikole,7.7888484,5.5050471,Clear,91.31,23,91.31,7,1669474651,2.1
415,nantucket,41.315731400000004,-70.00901408779944,Clear,43.05,67,43.07,5,1669474655,20.0
416,katobu,-4.9408066,122.5275567,Clouds,76.26,90,76.26,95,1669474659,1.72
417,bontang,0.1236548,117.471708,Clouds,80.35,83,80.35,45,1669474663,3.83
418,mayo,45.6634129,-75.345801,Clouds,35.47,85,37.62,80,1669474666,8.93
419,ostrovnoy,68.0544447,39.5129384,Clouds,22.77,84,22.77,84,1669474673,20.15
420,qeshm,26.7688154,55.84765534908843,Clear,78.55,65,78.55,0,1669474677,9.22
421,drayton valley,53.2205548,-114.9832127,Clouds,24.15,76,24.15,12,1669474681,9.17
422,toora-khem,52.4679232,96.117896,Clouds,-13.05,87,-13.05,26,1669474684,8.25
423,solnechnyy,50.723808,136.64006,Snow,9.73,91,9.73,99,1669474688,9.06
424,la massana,42.5442014,1.5163754,Clouds,48.6,44,50.9,61,1669474692,1.79
425,saint-ambroise,48.557523,-71.324615,Clouds,29.46,80,30.7,100,1669474696,8.05
426,arrecife,28.9639681,-13.5499014,Clear,73.38,83,73.38,0,1669474700,12.66
427,jinchang,38.5206719,102.185973,Clouds,34.9,38,34.9,19,1669474705,4.25
428,belomorsk,64.5216684,34.7625835,Clouds,17.55,95,17.55,100,1669474709,6.11
429,najran,17.5439809,44.2246817,Clouds,88.86,30,88.86,60,1669474712,9.55
430,kuche,41.7116961,82.9583247,Clouds,39.45,36,39.45,53,1669474716,2.26
431,antalaha,-14.9012302,50.2810433,Clear,76.1,74,76.1,1,1669474721,10.65
432,imeni karla libknekhta,51.623196,35.477493,Clouds,38.19,87,38.19,100,1669474725,9.57
433,ta khmau,11.4687395,104.9451162,Thunderstorm,77.05,100,77.05,75,1669474729,8.05
434,tabat,-2.6213037,115.2267633,Clouds,75.09,97,75.09,97,1669474733,1.86
435,celarevo,45.2718195,19.5271962,Clouds,42.94,73,42.94,100,1669474737,3.22
436,fuengirola,36.5387779,-4.6233348,Clear,64.42,52,68.67,0,1669474741,9.22
437,attawapiskat,52.9244075,-82.4270112,Clouds,32.0,100,32.0,100,1669474745,8.05
438,adrar,27.8733807,-0.2874884,Sand,82.62,23,82.62,72,1669474748,26.46
439,ha giang,22.8264592,104.9846342,Clouds,73.09,100,73.09,100,1669474752,2.84
440,almaznyy,48.030155,40.039642,Clouds,39.33,78,39.33,100,1669474756,11.83
441,tautira,-27.145219,-109.430579,Clouds,70.56,73,70.56,20,1669474760,9.22
442,peniche,39.3566221,-9.3812853,Clouds,63.37,69,64.49,100,1669474763,5.82
443,kamakwie,9.496301,-12.241252,Clear,93.38,24,93.38,4,1669474767,1.61
444,burica,8.0637437,-82.9127307,Rain,79.18,80,79.18,77,1669474775,9.62
445,negru voda,43.8189086,28.2140473,Clear,41.74,61,45.0,7,1669474779,6.76
446,mardin,37.3205482,40.7257727,Rain,45.75,93,45.75,100,1669474783,6.98
447,gazojak,41.188803,61.4060832,Clouds,46.8,43,46.8,54,1669474787,19.55
448,zacualpan,18.7187068,-99.7777372,Clear,62.02,65,62.02,4,1669474790,0.72
449,sinjar,35.5897986,37.0039804,Clear,56.71,67,56.71,5,1669474794,8.43
450,santa cruz,28.469648,-16.2540884,Clouds,73.74,73,76.1,20,1669474798,8.05
451,sao jose da coroa grande,-8.889375,-35.151461,Clouds,84.63,63,84.63,80,1669474802,13.18
452,rincon,32.2960289,-81.2353905,Clear,61.39,73,61.92,6,1669474734,7.36
453,firozabad,27.1527986,78.3991439,Clear,67.42,30,67.42,0,1669474810,3.51
454,lalomanu,-14.0455886,-171.4389144,Rain,81.32,75,81.32,37,1669474816,12.12
455,santa rosa,38.4404925,-122.7141049,Clear,46.17,85,55.47,0,1669474820,0.0
456,sindor,62.866192,51.899113,Clear,-6.41,99,-6.41,5,1669474824,2.26
457,dargaville,-35.9412143,173.8685702,Clouds,53.1,91,53.1,100,1669474831,5.17
458,hammerfest,70.6413392,23.8360800591327,Clear,27.39,69,27.39,0,1669474835,4.61
459,oranjemund,-28.551932,16.428415,Clear,64.74,68,64.74,0,1669474839,27.34
460,srednekolymsk,67.455497,153.7071456,Clouds,-30.42,100,-30.42,87,1669474843,4.7
461,katiola,8.0912137,-5.150708249056292,Clear,94.01,17,94.01,5,1669474847,3.2
462,nome,64.5011111,-165.4063889,Clouds,23.05,80,23.07,75,1669474851,16.11
463,papara,10.6355972,-6.295442626494486,Clear,96.15,11,96.15,6,1669474856,3.51
464,sibolga,1.736957,98.78461,Clouds,76.6,87,76.6,39,1669474860,2.33
465,provost,52.3547862,-110.263915,Clear,17.53,87,17.53,6,1669474864,7.85
466,kautokeino,69.1325609,23.57829982232755,Clouds,25.47,91,25.47,100,1669474869,18.03
467,dakar,14.693425,-17.447938,Clouds,95.88,55,95.88,87,1669474873,13.85
468,shestakovo,56.49424,103.962311,Clouds,-4.4,91,-4.4,100,1669474877,6.15
469,bismarck,46.808327,-100.783739,Clear,37.42,78,37.87,0,1669474881,13.8
470,trofors,65.5387083,13.3864306,Clouds,31.82,92,31.82,87,1669474885,4.99
471,fukue,34.5263537,133.8031965,Clear,57.74,66,59.63,0,1669474889,7.18
472,atar,20.5181943,-13.0543928,Clear,91.98,10,91.98,0,1669474893,11.68
473,matara,5.947822,80.5482919,Clouds,77.65,81,77.65,19,1669474897,3.18
474,ocampo,27.3150222,-102.3967266,Clear,44.53,50,44.53,1,1669474901,8.41
475,san patricio,27.9695325,-97.7731720386266,Clouds,55.38,71,56.93,46,1669474905,17.09
476,matsanga,-1.9230077,12.6669545,Clouds,68.85,98,68.85,100,1669474909,1.61
477,santomera,38.0615839,-1.0490938,Clouds,67.53,34,70.66,38,1669474913,1.99
478,kincardine,56.0683954,-3.7184637,Clouds,53.37,89,54.84,100,1669474918,16.78
479,tieli,46.9842249,128.0256684,Clouds,0.3,99,0.3,92,1669474922,3.65
480,sitka,57.0524973,-135.337612,Rain,35.42,80,35.42,100,1669474926,3.44
481,goundam,16.4168533,-3.6636275,Clouds,90.77,6,90.77,51,1669474933,10.67
482,verkhoyansk,67.5495068,133.3874618,Clouds,-44.07,100,-44.07,73,1669474937,0.83
483,fort-shevchenko,44.508556,50.261929,Clouds,51.21,54,51.21,100,1669474941,23.17
484,whyalla,-33.0382085,137.5843572,Clouds,63.82,80,63.82,33,1669474945,14.41
485,puerto del rosario,28.4993424,-13.8599051,Clouds,73.35,78,73.35,20,1669474949,8.05
486,dunedin,-45.8740984,170.5035755,Clouds,45.81,85,45.81,43,1669474952,5.91
487,kamenskoye,53.1793307,37.7767378,Clouds,31.03,96,31.03,100,1669474956,12.46
488,hefei,31.8228094,117.2218033,Clear,61.99,71,61.99,0,1669474964,13.56
489,alto araguaia,-17.3156528,-53.2169365,Clear,92.26,28,92.26,5,1669474968,0.72
490,te anau,-45.41449,167.717489,Clouds,39.67,94,39.67,90,1669474972,3.24
491,auki,-8.7706074,160.6992655,Clouds,77.36,88,77.36,45,1669474977,3.53
492,cairns,-16.9206657,145.7721854,Clouds,76.51,93,78.06,75,1669474768,0.0
493,aitape,-3.1510222,142.3594389,Clouds,78.98,80,78.98,99,1669474986,2.73
494,elizabeth city,36.2956836,-76.2247697,Clear,49.75,79,54.05,0,1669474990,7.61
495,gucheng,37.3490348,115.9646818,Clouds,37.26,34,37.26,57,1669474994,6.89
496,dingle,11.0000758,122.6717839,Clear,75.6,81,75.6,6,1669474997,6.78
497,hualmay,-11.0967129,-77.6129018,Clouds,70.61,77,70.61,58,1669475001,7.78
498,xinxiang,35.3021133,113.9202062,Clouds,47.59,30,47.59,96,1669475006,8.28
499,ziro,27.538668,93.815355,Clear,48.45,64,48.45,0,1669475013,3.4
500,tateyama,34.9965304,139.8699838,Clouds,63.82,80,63.82,56,1669475016,8.05
501,bafq,31.5997065,55.3966892,Clear,67.3,22,67.3,1,1669475020,2.86
502,ternate,45.7822863,8.6903182,Clear,54.81,58,59.05,0,1669475024,2.3
503,kaitangata,-46.2817388,169.8464139,Clouds,38.77,89,38.77,24,1669475028,6.26
504,nybro,56.7448691,15.9079772,Clouds,36.66,97,38.05,45,1669475033,3.0
505,mezen,65.843956,44.244141,Clouds,12.69,94,12.69,100,1669475037,6.67
506,lorengau,-2.0329567,147.2789185,Clouds,81.05,73,81.05,31,1669475041,6.31
507,lagos,6.4550575,3.3941795,Clouds,84.34,68,84.34,48,1669475046,14.45
508,esperance,-33.858228,121.8931606,Clouds,59.54,63,59.54,98,1669475050,12.93
509,boende,-0.2836634,20.8826368,Rain,76.44,94,76.44,100,1669475054,2.21
510,christchurch,-43.530955,172.6366455,Clouds,51.55,87,52.95,75,1669475058,3.44
511,cabedelo,-6.97324,-34.8351609,Clouds,88.48,67,88.48,87,1669475062,13.09
512,dudinka,69.406067,86.175072,Clouds,-13.36,99,-13.36,100,1669475066,8.46
513,akyab,20.15,92.9,Clouds,78.58,68,78.58,78,1669475070,8.66
514,rawson,-43.2991348,-65.1056655,Clear,66.45,44,66.45,0,1669475073,13.15
515,anchorage,61.2163129,-149.894852,Clear,12.4,90,18.39,0,1669475077,3.44
516,pangnirtung,66.1480197,-65.7172826,Clouds,-2.34,74,-2.34,100,1669475082,5.28
517,flin flon,54.769801,-101.878967,Clouds,25.97,82,25.97,83,1669475085,13.47
518,zhangjiakou,40.8228016,114.880567,Clouds,24.93,36,24.93,97,1669475089,11.12
519,sao miguel do araguaia,-13.2726442,-50.1627219,Clouds,78.4,80,78.4,100,1669475093,6.76
520,afrikanda,67.441689,32.776909,Clouds,15.78,91,15.78,66,1669475097,5.23
521,venado tuerto,-33.7455871,-61.9686068,Clear,95.79,18,95.79,9,1669475101,10.2
522,vasarosnameny,48.1267635,22.312647,Clouds,38.55,85,38.55,20,1669475106,2.13
523,yinchuan,38.4852037,106.2261926,Clouds,44.29,33,44.29,55,1669475110,5.61
524,bend,44.0581728,-121.3153096,Clear,25.99,90,28.99,0,1669474861,0.0
525,bathsheba,13.2129361,-59.5227245,Clouds,86.4,70,86.4,40,1669475118,20.71
526,lazaro cardenas,20.225,-97.5931,Rain,70.12,94,70.12,99,1669475122,3.87
527,sulangan,11.1374233,123.7223318,Clouds,82.2,78,82.2,19,1669475126,11.83
528,kostelec nad cernymi lesy,49.9918984,14.8557555,Clouds,44.67,77,46.67,100,1669475130,8.48
529,baghmara,25.1927615,90.6459328,Clear,64.9,81,64.9,0,1669475134,4.5
530,zuya,45.0548485,34.3225748,Rain,44.96,96,44.96,100,1669475138,8.9
531,port macquarie,-31.4299499,152.9103525,Clouds,64.83,88,64.83,61,1669475142,7.56
532,coquimbo,-29.9531928,-71.3379884,Clouds,62.47,82,62.47,100,1669475149,8.05
533,hamilton,43.2560802,-79.8728583,Clear,41.79,77,45.79,4,1669475029,5.99
534,clyde river,46.2239354,-63.2576799,Mist,42.33,97,43.45,100,1669475156,17.27
535,esso,55.9282472,158.7043579,Clouds,4.3,93,4.3,100,1669475160,6.53
536,puerto colombia,2.4954965,-68.27051058033612,Rain,79.97,86,79.97,100,1669475164,2.26
537,boden,65.833333,21.666667,Clouds,32.02,96,32.02,100,1669475169,6.64
538,bama,24.1437442,107.2558901,Clouds,67.93,98,67.93,100,1669475173,4.23
539,evensk,61.919209,159.235931,Clouds,-9.27,85,-9.27,58,1669475177,11.25
540,namie,37.4945619,141.0005837,Clouds,54.07,79,58.78,73,1669475181,11.79
541,caldwell,30.5305813,-96.6969703,Clouds,53.58,91,55.42,40,1669475185,10.36
542,dukat,42.4367457,22.3110456,Clouds,30.83,82,30.83,100,1669475189,2.84
543,louisbourg,45.9234791,-59.9642959,Clouds,46.63,98,48.45,100,1669475192,11.01
544,saint-pierre,48.3832725,7.4718731,Clouds,44.71,81,46.18,86,1669475196,1.39
545,safaga,26.7633325,33.9383817,Clear,72.14,53,72.14,0,1669475200,13.87
546,resistencia,-27.4511235,-58.9865196,Clear,89.8,27,91.06,0,1669475204,13.8
547,isangel,-19.5410863,169.2810885,Clouds,75.18,88,75.18,82,1669475208,6.08
548,sijunjung,-0.6996006,100.97795,Clouds,73.33,93,73.33,99,1669475212,2.39
549,mamallapuram,12.6195981,80.1936497,Clouds,80.62,78,80.62,100,1669475216,10.38
550,liuli,21.8270762,107.2763045,Clouds,66.69,99,66.69,70,1669475220,2.44
551,price,39.600808150000006,-110.80634785005043,Clear,27.63,54,27.63,0,1669475223,6.91
552,shubarshi,48.5832616,57.183919,Clouds,23.65,56,23.65,99,1669475227,18.84
553,betioky,-23.718638,44.3794652,Rain,78.15,64,78.15,42,1669475231,3.89
554,bilecik,40.1435101,29.9752911,Clouds,40.96,83,40.96,100,1669475235,0.38
555,yialos,37.4473109,25.3278796,Clouds,56.73,62,59.0,20,1669475239,8.05
556,tsaratanana,-21.1802183,47.6377719,Clouds,73.65,67,73.65,65,1669475243,5.55
557,kuito,-0.2201641,-78.5123274,Clouds,61.43,52,61.43,40,1669475247,3.44
558,nioro,15.2304528,-9.5899063,Clouds,90.41,9,90.41,100,1669475251,11.07
559,ust-omchug,61.133163,149.632477,Clouds,-34.92,98,-34.92,22,1669475255,2.71
560,suicheng,21.379508,110.250523,Clouds,74.12,91,74.12,62,1669475259,12.8
561,tsumeb,-19.248402,17.7087503,Rain,85.68,25,85.68,91,1669475262,7.11
562,erchie,40.4360421,17.7346286,Clouds,56.71,55,58.32,100,1669475266,11.5
563,neryungri,56.6579435,124.7123042,Clouds,-37.93,99,-37.93,93,1669475270,0.78
564,polovinnoye,53.743317,79.237946,Clear,-16.06,95,-16.06,9,1669475274,5.28
565,benjamin aceval,-24.9947234,-57.5524442,Clear,89.62,45,89.62,0,1669475277,4.38
566,jiuquan,39.7321262,98.4936839,Clouds,34.48,35,34.48,100,1669475281,0.76
567,motygino,58.184208,94.694298,Clouds,-35.55,98,-35.55,21,1669475285,1.92
568,preobrazheniye,42.901529,133.8988366,Clear,27.37,51,27.37,0,1669475289,10.33
569,waycross,31.2135511,-82.3540178,Clouds,62.82,97,62.98,100,1669475293,5.75
570,bolungarvik,66.1575503,-23.2507273,Clouds,42.75,70,42.75,100,1669475298,21.85
571,kutum,14.2108373,24.649584,Clear,75.61,9,75.61,0,1669475302,10.63
572,bud,50.8285252,-4.5469361,Clouds,53.8,90,54.01,100,1669475306,7.0
573,pingliang,35.5432,106.6608107,Clear,42.93,84,42.93,10,1669475310,5.61
574,snasa,64.18526075,12.6227838648384,Clouds,26.24,91,26.24,78,1669475314,5.21
575,mankono,8.0577294,-6.1897808,Clear,93.47,20,93.47,4,1669475317,3.2
576,porto novo,6.4990718,2.6253361,Clouds,86.86,58,86.86,100,1669475321,11.45
577,barawe,1.4923441,44.1066308,Clouds,79.74,71,79.74,92,1669475325,9.13
578,redmond,47.6694141,-122.1238767,Clouds,38.79,91,41.97,98,1669474933,2.73
579,leshukonskoye,64.902481,45.767242,Clouds,4.69,97,4.69,98,1669475333,4.99
580,jiangyou,31.9525495,104.9347205,Clouds,55.44,83,55.44,82,1669475337,3.02
581,port hardy,50.7244402,-127.4976081,Rain,44.6,94,44.6,100,1669475342,6.13
582,pandan,-3.2873871,104.1929841,Rain,73.6,98,73.6,100,1669475346,2.01
583,ignalina,55.3398975,26.1614043,Snow,26.91,98,26.91,100,1669475350,3.11
584,ust-kuyga,70.00177,135.549835,Clouds,-45.02,100,-45.02,96,1669475354,6.06
585,magadan,59.5604768,150.7988617,Clouds,3.78,77,3.78,100,1669475358,17.49
586,trairi,-3.2777494,-39.2680677,Clouds,88.27,54,88.27,97,1669475362,13.47
587,kharitonovo,61.398079,47.499241,Clear,6.17,95,6.17,6,1669475366,3.27
588,zugdidi,42.5067616,41.8713297,Rain,54.54,96,54.54,100,1669475370,11.1
589,constitucion,-35.3318306,-72.4118998,Clear,71.26,54,71.26,0,1669475373,5.88
590,luba,17.3173222,120.6946459,Clouds,73.99,93,73.99,82,1669475377,4.05
591,soyo,-6.1333775,12.3717548,Rain,77.83,85,77.83,97,1669475381,10.45
592,pochutla,17.660556,-98.897778,Clouds,71.91,63,71.91,98,1669475385,2.06
593,khonuu,66.455612,143.223007,Clouds,-28.05,90,-28.05,97,1669475388,2.01
594,brufut,13.3813439,-16.751729,Clear,87.89,42,87.89,0,1669475392,9.22
